{"cameraMode":{"drawMode":0,"name":"Shaded","section":"Shading Mode"},"sceneLighting":false,"audioPlay":false,"sceneViewState":{"showFog":true,"showMaterialUpdate":false,"showSkybox":false,"showFlares":true,"showImageEffects":true,"showParticleSystems":true},"in2DMode":false,"pivot":{"x":-0.056598663330078128,"y":-0.35078978538513186,"z":0.10083889961242676},"rotation":{"x":0.17344199120998383,"y":0.24388407170772553,"z":-0.044382244348526,"w":0.9531412720680237},"size":1.3257160186767579,"orthographic":true}