{"cameraMode":{"drawMode":2,"name":"Shaded Wireframe","section":"Shading Mode"},"sceneLighting":false,"audioPlay":false,"sceneViewState":{"showFog":true,"showMaterialUpdate":false,"showSkybox":true,"showFlares":true,"showImageEffects":true,"showParticleSystems":true},"in2DMode":false,"pivot":{"x":0.2694319486618042,"y":-0.9397984743118286,"z":-0.388197660446167},"rotation":{"x":-0.1772318035364151,"y":-0.5258495807647705,"z":0.11307618021965027,"w":-0.8241977095603943},"size":15.20344352722168,"orthographic":false}